package,file_path,file_name,vulnerability_status,label
python-packages-1757595213589,source\pip\_internal\operations\install\__init__.py,__init__.py,0.4478881359100342,benign
python-packages-1757595213589,source\pip\_internal\index\__init__.py,__init__.py,0.373651921749115,benign
python-packages-1757595213589,source\pip\_internal\network\__init__.py,__init__.py,0.19315026700496674,benign
python-packages-1757595213589,source\pip\_vendor\idna\package_data.py,package_data.py,0.09887361526489258,benign
python-packages-1757595213589,source\pip\_internal\models\__init__.py,__init__.py,0.030962185934185982,benign
python-packages-1757595213589,source\pip\_internal\cli\status_codes.py,status_codes.py,0.004808563739061356,benign
python-packages-1757595213589,source\pip\_vendor\rich\themes.py,themes.py,0.004593131132423878,benign
python-packages-1757595213589,source\pip\_vendor\cachecontrol\caches\__init__.py,__init__.py,0.0026003692764788866,benign
python-packages-1757595213589,source\pip\_vendor\tomli_w\__init__.py,__init__.py,0.0014948403695598245,benign
python-packages-1757595213589,source\pip\_vendor\urllib3\_version.py,_version.py,0.0012169089168310165,benign
python-packages-1757595213589,source\pip\_internal\metadata\importlib\__init__.py,__init__.py,0.0006438755081035197,benign
python-packages-1757595213589,source\pip\_vendor\tomli\__init__.py,__init__.py,0.0006174747832119465,benign
python-packages-1757595213589,source\pip\_vendor\tomli\_types.py,_types.py,0.0005955841043032706,benign
python-packages-1757595213589,source\pip\_vendor\certifi\__init__.py,__init__.py,0.0005241894978098571,benign
python-packages-1757595213589,source\pip\_vendor\packaging\__init__.py,__init__.py,0.0004280880093574524,benign
python-packages-1757595213589,source\pip\_vendor\requests\__version__.py,__version__.py,0.0004160137614235282,benign
python-packages-1757595213589,source\pip\_vendor\requests\help.py,help.py,0.9998617172241211,malicious
python-packages-1757595213589,source\pip\_vendor\rich\__main__.py,__main__.py,0.9998608827590942,malicious
python-packages-1757595213589,source\pip\_vendor\rich\markup.py,markup.py,0.9998583793640137,malicious
python-packages-1757595213589,source\pip\_vendor\rich\tree.py,tree.py,0.9998582601547241,malicious
python-packages-1757595213589,source\pip\_vendor\rich\diagnose.py,diagnose.py,0.999858021736145,malicious
python-packages-1757595213589,source\pip\_vendor\distlib\compat.py,compat.py,0.9998576641082764,malicious
python-packages-1757595213589,source\pip\_vendor\distlib\util.py,util.py,0.9998576641082764,malicious
python-packages-1757595213589,source\pip\_internal\commands\install.py,install.py,0.9998571872711182,malicious
python-packages-1757595213589,source\pip\_vendor\pygments\util.py,util.py,0.9998568296432495,malicious
python-packages-1757595213589,source\pip\_vendor\pygments\lexers\python.py,python.py,0.9998568296432495,malicious
python-packages-1757595213589,source\uv\__main__.py,__main__.py,0.99985671043396,malicious
python-packages-1757595213589,source\pip\_vendor\platformdirs\__main__.py,__main__.py,0.9998564720153809,malicious
python-packages-1757595213589,source\pip\_vendor\urllib3\packages\six.py,six.py,0.9998564720153809,malicious
python-packages-1757595213589,source\pip\_internal\cli\main_parser.py,main_parser.py,0.9998562335968018,malicious
python-packages-1757595213589,source\pip\_vendor\rich\logging.py,logging.py,0.9998562335968018,malicious
python-packages-1757595213589,source\pip\_internal\operations\install\wheel.py,wheel.py,0.9998561143875122,malicious
python-packages-1757595213589,source\pip\_internal\utils\setuptools_build.py,setuptools_build.py,0.9998561143875122,malicious
python-packages-1757595213589,source\pip\_vendor\urllib3\util\url.py,url.py,0.9998561143875122,malicious
python-packages-1757595213589,source\pip\_vendor\platformdirs\android.py,android.py,0.9998558759689331,malicious
python-packages-1757595213589,source\pip\_vendor\pyproject_hooks\_in_process\_in_process.py,_in_process.py,0.9998558759689331,malicious
python-packages-1757595213589,source\pip\_vendor\urllib3\fields.py,fields.py,0.9998558759689331,malicious
python-packages-1757595213589,source\pip\_internal\utils\urls.py,urls.py,0.999855637550354,malicious
python-packages-1757595213589,source\pip\_vendor\pkg_resources\__init__.py,__init__.py,0.9998555183410645,malicious
python-packages-1757595213589,source\pip\_internal\network\session.py,session.py,0.9998552799224854,malicious
python-packages-1757595213589,source\pip\_vendor\requests\__init__.py,__init__.py,0.999854564666748,malicious
python-packages-1757595213589,source\pip\_internal\locations\_distutils.py,_distutils.py,0.999854326248169,malicious
python-packages-1757595213589,source\pip\_vendor\pygments\token.py,token.py,0.999854326248169,malicious
python-packages-1757595213589,source\pip\_internal\cli\autocompletion.py,autocompletion.py,0.9998542070388794,malicious
python-packages-1757595213589,source\pip\_vendor\urllib3\contrib\_securetransport\low_level.py,low_level.py,0.9998540878295898,malicious
python-packages-1757595213589,source\pip\_vendor\distro\distro.py,distro.py,0.9998539686203003,malicious
python-packages-1757595213589,source\pip\_vendor\packaging\tags.py,tags.py,0.9998539686203003,malicious
python-packages-1757595213589,source\pip\_internal\locations\_sysconfig.py,_sysconfig.py,0.9998538494110107,malicious
python-packages-1757595213589,source\pip\_vendor\cachecontrol\_cmd.py,_cmd.py,0.9998533725738525,malicious
python-packages-1757595213589,source\pip\_vendor\urllib3\contrib\_securetransport\bindings.py,bindings.py,0.9998530149459839,malicious
python-packages-1757595213589,source\pip\_vendor\truststore\_macos.py,_macos.py,0.9998527765274048,malicious
python-packages-1757595213589,source\pip\_vendor\requests\cookies.py,cookies.py,0.9998522996902466,malicious
python-packages-1757595213589,source\pip\_vendor\requests\utils.py,utils.py,0.9998522996902466,malicious
python-packages-1757595213589,source\pip\_vendor\rich\live.py,live.py,0.9998522996902466,malicious
python-packages-1757595213589,source\pip\_vendor\urllib3\util\connection.py,connection.py,0.9998520612716675,malicious
python-packages-1757595213589,source\pip\_vendor\urllib3\packages\backports\makefile.py,makefile.py,0.9998518228530884,malicious
python-packages-1757595213589,source\pip\_internal\utils\logging.py,logging.py,0.9998517036437988,malicious
python-packages-1757595213589,source\pip\_vendor\platformdirs\windows.py,windows.py,0.9998517036437988,malicious
python-packages-1757595213589,source\pip\_vendor\rich\layout.py,layout.py,0.9998517036437988,malicious
python-packages-1757595213589,source\pip\_vendor\rich\syntax.py,syntax.py,0.9998517036437988,malicious
python-packages-1757595213589,source\pip\_internal\self_outdated_check.py,self_outdated_check.py,0.9998515844345093,malicious
python-packages-1757595213589,source\pip\_vendor\pygments\regexopt.py,regexopt.py,0.9998515844345093,malicious
python-packages-1757595213589,source\pip\_vendor\packaging\_parser.py,_parser.py,0.9998514652252197,malicious
python-packages-1757595213589,source\pip\_vendor\rich\ansi.py,ansi.py,0.9998514652252197,malicious
python-packages-1757595213589,source\pip\_internal\req\constructors.py,constructors.py,0.9998512268066406,malicious
python-packages-1757595213589,source\pip\_vendor\urllib3\util\ssl_match_hostname.py,ssl_match_hostname.py,0.9998512268066406,malicious
python-packages-1757595213589,source\pip\_vendor\tomli\_parser.py,_parser.py,0.9998511075973511,malicious
python-packages-1757595213589,source\pip\_vendor\distlib\scripts.py,scripts.py,0.9998509883880615,malicious
python-packages-1757595213589,source\pip\_vendor\packaging\licenses\__init__.py,__init__.py,0.9998509883880615,malicious
python-packages-1757595213589,source\pip\_internal\network\download.py,download.py,0.999850869178772,malicious
python-packages-1757595213589,source\pip\_internal\utils\entrypoints.py,entrypoints.py,0.999850869178772,malicious
python-packages-1757595213589,source\pip\_internal\utils\filesystem.py,filesystem.py,0.999850869178772,malicious
python-packages-1757595213589,source\pip\_vendor\pygments\lexers\__init__.py,__init__.py,0.999850869178772,malicious
python-packages-1757595213589,source\pip\_internal\index\collector.py,collector.py,0.9998506307601929,malicious
python-packages-1757595213589,source\pip\_vendor\platformdirs\unix.py,unix.py,0.9998506307601929,malicious
python-packages-1757595213589,source\pip\_vendor\requests\auth.py,auth.py,0.9998506307601929,malicious
python-packages-1757595213589,source\pip\_vendor\rich\color.py,color.py,0.9998506307601929,malicious
python-packages-1757595213589,source\pip\_internal\pyproject.py,pyproject.py,0.9998503923416138,malicious
python-packages-1757595213589,source\pip\_internal\utils\compat.py,compat.py,0.9998503923416138,malicious
python-packages-1757595213589,source\pip\_internal\vcs\bazaar.py,bazaar.py,0.9998503923416138,malicious
python-packages-1757595213589,source\pip\_internal\vcs\versioncontrol.py,versioncontrol.py,0.9998503923416138,malicious
python-packages-1757595213589,source\pip\_vendor\urllib3\util\response.py,response.py,0.9998501539230347,malicious
python-packages-1757595213589,source\pip\_vendor\pygments\unistring.py,unistring.py,0.9998500347137451,malicious
python-packages-1757595213589,source\pip\_vendor\rich\align.py,align.py,0.9998500347137451,malicious
python-packages-1757595213589,source\pip\_vendor\rich\table.py,table.py,0.9998499155044556,malicious
python-packages-1757595213589,source\pip\_vendor\truststore\_windows.py,_windows.py,0.9998496770858765,malicious
python-packages-1757595213589,source\pip\_internal\network\auth.py,auth.py,0.9998494386672974,malicious
python-packages-1757595213589,source\pip\_vendor\urllib3\contrib\securetransport.py,securetransport.py,0.9998493194580078,malicious
python-packages-1757595213589,source\pip\_internal\operations\prepare.py,prepare.py,0.9998492002487183,malicious
python-packages-1757595213589,source\pip\_internal\commands\debug.py,debug.py,0.9998490810394287,malicious
python-packages-1757595213589,source\pip\_vendor\requests\adapters.py,adapters.py,0.9998490810394287,malicious
python-packages-1757595213589,source\pip\_vendor\urllib3\filepost.py,filepost.py,0.9998489618301392,malicious
python-packages-1757595213589,source\pip\_vendor\urllib3\util\wait.py,wait.py,0.9998489618301392,malicious
python-packages-1757595213589,source\pip\_internal\utils\subprocess.py,subprocess.py,0.9998488426208496,malicious
python-packages-1757595213589,source\pip\_vendor\rich\_windows.py,_windows.py,0.9998488426208496,malicious
python-packages-1757595213589,source\pip\_internal\locations\__init__.py,__init__.py,0.9998487234115601,malicious
python-packages-1757595213589,source\pip\_internal\utils\egg_link.py,egg_link.py,0.9998487234115601,malicious
python-packages-1757595213589,source\pip\_vendor\truststore\_openssl.py,_openssl.py,0.9998487234115601,malicious
python-packages-1757595213589,source\pip\_internal\locations\base.py,base.py,0.9998486042022705,malicious
python-packages-1757595213589,source\pip\_internal\utils\compatibility_tags.py,compatibility_tags.py,0.9998486042022705,malicious
python-packages-1757595213589,source\pip\_vendor\rich\json.py,json.py,0.9998486042022705,malicious
python-packages-1757595213589,source\uv\_find_uv.py,_find_uv.py,0.9998486042022705,malicious
python-packages-1757595213589,source\pip\_internal\vcs\mercurial.py,mercurial.py,0.999848484992981,malicious
python-packages-1757595213589,source\pip\_vendor\dependency_groups\__main__.py,__main__.py,0.9998483657836914,malicious
python-packages-1757595213589,source\pip\_vendor\urllib3\connectionpool.py,connectionpool.py,0.9998483657836914,malicious
python-packages-1757595213589,source\pip\_vendor\urllib3\util\request.py,request.py,0.9998483657836914,malicious
python-packages-1757595213589,source\pip\_vendor\packaging\_musllinux.py,_musllinux.py,0.9998482465744019,malicious
python-packages-1757595213589,source\pip\_vendor\rich\scope.py,scope.py,0.9998482465744019,malicious
python-packages-1757595213589,source\pip\_vendor\urllib3\connection.py,connection.py,0.9998482465744019,malicious
python-packages-1757595213589,source\pip\_internal\models\link.py,link.py,0.9998481273651123,malicious
python-packages-1757595213589,source\pip\_vendor\urllib3\contrib\pyopenssl.py,pyopenssl.py,0.9998481273651123,malicious
python-packages-1757595213589,source\pip\_vendor\urllib3\contrib\socks.py,socks.py,0.9998481273651123,malicious
python-packages-1757595213589,source\pip\_vendor\pygments\lexer.py,lexer.py,0.9998480081558228,malicious
python-packages-1757595213589,source\pip\_vendor\pygments\filters\__init__.py,__init__.py,0.9998480081558228,malicious
python-packages-1757595213589,source\pip\_vendor\rich\cells.py,cells.py,0.9998480081558228,malicious
python-packages-1757595213589,source\pip\_vendor\urllib3\_collections.py,_collections.py,0.9998478889465332,malicious
python-packages-1757595213589,source\pip\_internal\req\req_file.py,req_file.py,0.9998477697372437,malicious
python-packages-1757595213589,source\pip\_internal\utils\misc.py,misc.py,0.9998477697372437,malicious
python-packages-1757595213589,source\pip\_vendor\rich\progress.py,progress.py,0.9998477697372437,malicious
python-packages-1757595213589,source\pip\_vendor\pygments\modeline.py,modeline.py,0.9998476505279541,malicious
python-packages-1757595213589,source\pip\_vendor\requests\models.py,models.py,0.9998476505279541,malicious
python-packages-1757595213589,source\pip\_internal\cli\progress_bars.py,progress_bars.py,0.9998475313186646,malicious
python-packages-1757595213589,source\pip\_vendor\urllib3\response.py,response.py,0.999847412109375,malicious
python-packages-1757595213589,source\pip\_internal\wheel_builder.py,wheel_builder.py,0.9998472929000854,malicious
python-packages-1757595213589,source\pip\_internal\commands\freeze.py,freeze.py,0.9998472929000854,malicious
python-packages-1757595213589,source\pip\_internal\commands\show.py,show.py,0.9998472929000854,malicious
python-packages-1757595213589,source\pip\_vendor\packaging\utils.py,utils.py,0.9998472929000854,malicious
python-packages-1757595213589,source\pip\_vendor\rich\panel.py,panel.py,0.9998472929000854,malicious
python-packages-1757595213589,source\pip\_internal\commands\search.py,search.py,0.9998471736907959,malicious
python-packages-1757595213589,source\pip\_internal\utils\virtualenv.py,virtualenv.py,0.9998471736907959,malicious
python-packages-1757595213589,source\pip\_vendor\packaging\markers.py,markers.py,0.9998471736907959,malicious
python-packages-1757595213589,source\pip\_internal\req\__init__.py,__init__.py,0.9998470544815063,malicious
python-packages-1757595213589,source\pip\_vendor\packaging\_manylinux.py,_manylinux.py,0.9998470544815063,malicious
python-packages-1757595213589,source\pip\_vendor\tomli_w\_writer.py,_writer.py,0.9998470544815063,malicious
python-packages-1757595213589,source\pip\_internal\utils\unpacking.py,unpacking.py,0.9998468160629272,malicious
python-packages-1757595213589,source\pip\_vendor\rich\__init__.py,__init__.py,0.9998468160629272,malicious
python-packages-1757595213589,source\pip\_vendor\urllib3\util\ssltransport.py,ssltransport.py,0.9998468160629272,malicious
python-packages-1757595213589,source\pip\_vendor\urllib3\contrib\ntlmpool.py,ntlmpool.py,0.9998465776443481,malicious
python-packages-1757595213589,source\pip\_internal\index\package_finder.py,package_finder.py,0.9998464584350586,malicious
python-packages-1757595213589,source\pip\_vendor\__init__.py,__init__.py,0.9998464584350586,malicious
python-packages-1757595213589,source\pip\_vendor\msgpack\fallback.py,fallback.py,0.9998464584350586,malicious
python-packages-1757595213589,source\pip\_vendor\rich\box.py,box.py,0.9998464584350586,malicious
python-packages-1757595213589,source\pip\_internal\req\req_uninstall.py,req_uninstall.py,0.999846339225769,malicious
python-packages-1757595213589,source\pip\_vendor\dependency_groups\_pip_wrapper.py,_pip_wrapper.py,0.999846339225769,malicious
python-packages-1757595213589,source\pip\_vendor\pygments\sphinxext.py,sphinxext.py,0.999846339225769,malicious
python-packages-1757595213589,source\pip\_vendor\rich\traceback.py,traceback.py,0.999846339225769,malicious
python-packages-1757595213589,source\pip\_internal\vcs\git.py,git.py,0.9998462200164795,malicious
python-packages-1757595213589,source\pip\_internal\metadata\base.py,base.py,0.9998457431793213,malicious
python-packages-1757595213589,source\pip\_internal\utils\direct_url_helpers.py,direct_url_helpers.py,0.9998457431793213,malicious
python-packages-1757595213589,source\pip\_internal\utils\wheel.py,wheel.py,0.9998457431793213,malicious
python-packages-1757595213589,source\pip\_vendor\urllib3\util\ssl_.py,ssl_.py,0.9998457431793213,malicious
python-packages-1757595213589,source\pip\_internal\operations\freeze.py,freeze.py,0.9998456239700317,malicious
python-packages-1757595213589,source\pip\_vendor\cachecontrol\caches\file_cache.py,file_cache.py,0.9998455047607422,malicious
python-packages-1757595213589,source\pip\_vendor\dependency_groups\_lint_dependency_groups.py,_lint_dependency_groups.py,0.9998453855514526,malicious
python-packages-1757595213589,source\pip\_vendor\truststore\_api.py,_api.py,0.9998453855514526,malicious
python-packages-1757595213589,source\pip\_internal\commands\list.py,list.py,0.9998451471328735,malicious
python-packages-1757595213589,source\pip\_vendor\idna\core.py,core.py,0.9998451471328735,malicious
python-packages-1757595213589,source\pip\_vendor\resolvelib\resolvers\resolution.py,resolution.py,0.9998451471328735,malicious
python-packages-1757595213589,source\pip\_vendor\distlib\resources.py,resources.py,0.999845027923584,malicious
python-packages-1757595213589,source\pip\_vendor\rich\highlighter.py,highlighter.py,0.9998447895050049,malicious
python-packages-1757595213589,source\pip\_vendor\rich\segment.py,segment.py,0.9998447895050049,malicious
python-packages-1757595213589,source\pip\_vendor\rich\_win32_console.py,_win32_console.py,0.9998447895050049,malicious
python-packages-1757595213589,source\pip\_vendor\urllib3\packages\backports\weakref_finalize.py,weakref_finalize.py,0.9998447895050049,malicious
python-packages-1757595213589,source\pip\_vendor\urllib3\poolmanager.py,poolmanager.py,0.9998446702957153,malicious
python-packages-1757595213589,source\pip\_internal\resolution\resolvelib\resolver.py,resolver.py,0.9998445510864258,malicious
python-packages-1757595213589,source\pip\_internal\vcs\subversion.py,subversion.py,0.9998445510864258,malicious
python-packages-1757595213589,source\pip\_internal\metadata\pkg_resources.py,pkg_resources.py,0.9998444318771362,malicious
python-packages-1757595213589,source\pip\_vendor\packaging\version.py,version.py,0.9998443126678467,malicious
python-packages-1757595213589,source\pip\_vendor\pygments\styles\__init__.py,__init__.py,0.9998440742492676,malicious
python-packages-1757595213589,source\pip\_vendor\requests\sessions.py,sessions.py,0.9998440742492676,malicious
python-packages-1757595213589,source\pip\_internal\utils\glibc.py,glibc.py,0.999843955039978,malicious
python-packages-1757595213589,source\pip\_internal\build_env.py,build_env.py,0.9998438358306885,malicious
python-packages-1757595213589,source\pip\_vendor\rich\status.py,status.py,0.9998438358306885,malicious
python-packages-1757595213589,source\pip\_internal\cli\main.py,main.py,0.9998435974121094,malicious
python-packages-1757595213589,source\pip\_vendor\urllib3\util\proxy.py,proxy.py,0.9998434782028198,malicious
python-packages-1757595213589,source\pip\_internal\operations\build\build_tracker.py,build_tracker.py,0.9998433589935303,malicious
python-packages-1757595213589,source\pip\_internal\req\req_install.py,req_install.py,0.9998433589935303,malicious
python-packages-1757595213589,source\pip\_vendor\rich\default_styles.py,default_styles.py,0.9998433589935303,malicious
python-packages-1757595213589,source\pip\_vendor\requests\structures.py,structures.py,0.9998428821563721,malicious
python-packages-1757595213589,source\pip\_vendor\tomli\_re.py,_re.py,0.9998428821563721,malicious
python-packages-1757595213589,source\pip\_vendor\rich\prompt.py,prompt.py,0.9998425245285034,malicious
python-packages-1757595213589,source\pip\_internal\operations\check.py,check.py,0.9998424053192139,malicious
python-packages-1757595213589,source\pip\_vendor\packaging\metadata.py,metadata.py,0.9998420476913452,malicious
python-packages-1757595213589,source\pip\_internal\cli\parser.py,parser.py,0.9998419284820557,malicious
python-packages-1757595213589,source\pip\_vendor\pygments\__init__.py,__init__.py,0.9998416900634766,malicious
python-packages-1757595213589,source\pip\_vendor\pygments\formatters\__init__.py,__init__.py,0.999841570854187,malicious
python-packages-1757595213589,source\pip\_vendor\rich\console.py,console.py,0.999841570854187,malicious
python-packages-1757595213589,source\pip\_vendor\urllib3\util\retry.py,retry.py,0.999841570854187,malicious
python-packages-1757595213589,source\pip\_internal\configuration.py,configuration.py,0.9998414516448975,malicious
python-packages-1757595213589,source\pip\_vendor\msgpack\ext.py,ext.py,0.9998412132263184,malicious
python-packages-1757595213589,source\pip\_vendor\rich\pretty.py,pretty.py,0.9998412132263184,malicious
python-packages-1757595213589,source\pip\_internal\resolution\resolvelib\candidates.py,candidates.py,0.9998410940170288,malicious
python-packages-1757595213589,source\pip\_vendor\rich\style.py,style.py,0.9998410940170288,malicious
python-packages-1757595213589,source\pip\_vendor\urllib3\contrib\_appengine_environ.py,_appengine_environ.py,0.9998410940170288,malicious
python-packages-1757595213589,source\pip\_internal\metadata\__init__.py,__init__.py,0.9998409748077393,malicious
python-packages-1757595213589,source\pip\_internal\operations\build\wheel_legacy.py,wheel_legacy.py,0.9998408555984497,malicious
python-packages-1757595213589,source\pip\_vendor\rich\_ratio.py,_ratio.py,0.9998408555984497,malicious
python-packages-1757595213589,source\pip\_vendor\pygments\style.py,style.py,0.9998407363891602,malicious
python-packages-1757595213589,source\pip\_vendor\urllib3\contrib\appengine.py,appengine.py,0.9998407363891602,malicious
python-packages-1757595213589,source\pip\_internal\cli\spinners.py,spinners.py,0.9998406171798706,malicious
python-packages-1757595213589,source\pip\_vendor\packaging\_elffile.py,_elffile.py,0.999840259552002,malicious
python-packages-1757595213589,source\pip\_internal\commands\help.py,help.py,0.9998401403427124,malicious
python-packages-1757595213589,source\pip\_vendor\rich\abc.py,abc.py,0.9998399019241333,malicious
python-packages-1757595213589,source\pip\_internal\commands\check.py,check.py,0.9998396635055542,malicious
python-packages-1757595213589,source\pip\_internal\metadata\importlib\_compat.py,_compat.py,0.9998396635055542,malicious
python-packages-1757595213589,source\pip\_vendor\pygments\console.py,console.py,0.9998396635055542,malicious
python-packages-1757595213589,source\pip\_vendor\rich\emoji.py,emoji.py,0.9998396635055542,malicious
python-packages-1757595213589,source\pip\_internal\exceptions.py,exceptions.py,0.9998393058776855,malicious
python-packages-1757595213589,source\pip\__main__.py,__main__.py,0.9998390674591064,malicious
python-packages-1757595213589,source\pip\_internal\network\utils.py,utils.py,0.9998390674591064,malicious
python-packages-1757595213589,source\pip\_internal\operations\build\metadata_legacy.py,metadata_legacy.py,0.9998390674591064,malicious
python-packages-1757595213589,source\pip\_vendor\rich\_inspect.py,_inspect.py,0.9998390674591064,malicious
python-packages-1757595213589,source\pip\_internal\cache.py,cache.py,0.9998389482498169,malicious
python-packages-1757595213589,source\pip\_internal\resolution\resolvelib\factory.py,factory.py,0.9998389482498169,malicious
python-packages-1757595213589,source\pip\_vendor\rich\protocol.py,protocol.py,0.9998387098312378,malicious
python-packages-1757595213589,source\pip\_internal\commands\completion.py,completion.py,0.9998384714126587,malicious
python-packages-1757595213589,source\pip\_internal\metadata\importlib\_dists.py,_dists.py,0.9998384714126587,malicious
python-packages-1757595213589,source\pip\_vendor\rich\text.py,text.py,0.9998383522033691,malicious
python-packages-1757595213589,source\pip\_internal\cli\cmdoptions.py,cmdoptions.py,0.9998382329940796,malicious
python-packages-1757595213589,source\pip\_internal\commands\cache.py,cache.py,0.9998382329940796,malicious
python-packages-1757595213589,source\pip\_internal\metadata\_json.py,_json.py,0.9998382329940796,malicious
python-packages-1757595213589,source\pip\_vendor\rich\jupyter.py,jupyter.py,0.9998382329940796,malicious
python-packages-1757595213589,source\pip\_vendor\cachecontrol\heuristics.py,heuristics.py,0.9998379945755005,malicious
python-packages-1757595213589,source\pip\_vendor\rich\file_proxy.py,file_proxy.py,0.9998379945755005,malicious
python-packages-1757595213589,source\pip\_internal\resolution\legacy\resolver.py,resolver.py,0.9998378753662109,malicious
python-packages-1757595213589,source\pip\_vendor\pygments\scanner.py,scanner.py,0.9998378753662109,malicious
python-packages-1757595213589,source\pip\_vendor\cachecontrol\serialize.py,serialize.py,0.9998376369476318,malicious
python-packages-1757595213589,source\pip\_vendor\platformdirs\api.py,api.py,0.9998376369476318,malicious
python-packages-1757595213589,source\pip\_vendor\platformdirs\macos.py,macos.py,0.9998376369476318,malicious
python-packages-1757595213589,source\pip\_internal\models\wheel.py,wheel.py,0.9998372793197632,malicious
python-packages-1757595213589,source\pip\_vendor\rich\_wrap.py,_wrap.py,0.9998371601104736,malicious
python-packages-1757595213589,source\pip\_vendor\rich\columns.py,columns.py,0.9998369216918945,malicious
python-packages-1757595213589,source\pip\_vendor\rich\_export_format.py,_export_format.py,0.9998369216918945,malicious
python-packages-1757595213589,source\pip\_internal\distributions\sdist.py,sdist.py,0.999836802482605,malicious
python-packages-1757595213589,source\pip\_internal\commands\index.py,index.py,0.9998366832733154,malicious
python-packages-1757595213589,source\pip\_vendor\rich\palette.py,palette.py,0.9998365640640259,malicious
python-packages-1757595213589,source\pip\_vendor\rich\_log_render.py,_log_render.py,0.9998365640640259,malicious
python-packages-1757595213589,source\pip\_internal\commands\configuration.py,configuration.py,0.9998364448547363,malicious
python-packages-1757595213589,source\pip\_vendor\packaging\specifiers.py,specifiers.py,0.9998362064361572,malicious
python-packages-1757595213589,source\pip\_vendor\requests\status_codes.py,status_codes.py,0.9998362064361572,malicious
python-packages-1757595213589,source\pip\_vendor\pyproject_hooks\_impl.py,_impl.py,0.9998360872268677,malicious
python-packages-1757595213589,source\pip\_internal\network\cache.py,cache.py,0.9998359680175781,malicious
python-packages-1757595213589,source\pip\_internal\network\lazy_wheel.py,lazy_wheel.py,0.9998359680175781,malicious
python-packages-1757595213589,source\pip\_vendor\certifi\core.py,core.py,0.9998359680175781,malicious
python-packages-1757595213589,source\pip\_vendor\rich\theme.py,theme.py,0.9998359680175781,malicious
python-packages-1757595213589,source\pip\_internal\index\sources.py,sources.py,0.9998356103897095,malicious
python-packages-1757595213589,source\pip\_internal\utils\_jaraco_text.py,_jaraco_text.py,0.9998356103897095,malicious
python-packages-1757595213589,source\pip\_internal\req\req_set.py,req_set.py,0.9998354911804199,malicious
python-packages-1757595213589,source\pip\_vendor\cachecontrol\controller.py,controller.py,0.9998352527618408,malicious
python-packages-1757595213589,source\pip\_vendor\packaging\_tokenizer.py,_tokenizer.py,0.9998351335525513,malicious
python-packages-1757595213589,source\pip\_vendor\rich\_spinners.py,_spinners.py,0.9998350143432617,malicious
python-packages-1757595213589,source\pip\_internal\utils\hashes.py,hashes.py,0.9998348951339722,malicious
python-packages-1757595213589,source\pip\_internal\cli\base_command.py,base_command.py,0.9998347759246826,malicious
python-packages-1757595213589,source\pip\_vendor\idna\codec.py,codec.py,0.9998346567153931,malicious
python-packages-1757595213589,source\pip\_vendor\rich\rule.py,rule.py,0.9998345375061035,malicious
python-packages-1757595213589,source\pip\_internal\cli\index_command.py,index_command.py,0.9998342990875244,malicious
python-packages-1757595213589,source\pip\_internal\commands\uninstall.py,uninstall.py,0.9998342990875244,malicious
python-packages-1757595213589,source\pip\_vendor\urllib3\request.py,request.py,0.9998339414596558,malicious
python-packages-1757595213589,source\pip\_internal\commands\wheel.py,wheel.py,0.9998337030410767,malicious
python-packages-1757595213589,source\pip\_vendor\dependency_groups\_implementation.py,_implementation.py,0.9998335838317871,malicious
python-packages-1757595213589,source\pip\_internal\metadata\importlib\_envs.py,_envs.py,0.9998334646224976,malicious
python-packages-1757595213589,source\pip\_internal\req\req_dependency_group.py,req_dependency_group.py,0.999833345413208,malicious
python-packages-1757595213589,source\pip\_vendor\pygments\filter.py,filter.py,0.999833345413208,malicious
python-packages-1757595213589,source\pip\_internal\operations\build\wheel.py,wheel.py,0.9998332262039185,malicious
python-packages-1757595213589,source\pip\_vendor\pygments\plugin.py,plugin.py,0.9998332262039185,malicious
python-packages-1757595213589,source\pip\_vendor\requests\packages.py,packages.py,0.9998331069946289,malicious
python-packages-1757595213589,source\pip\_vendor\rich\bar.py,bar.py,0.9998331069946289,malicious
python-packages-1757595213589,source\pip\_vendor\rich\progress_bar.py,progress_bar.py,0.9998329877853394,malicious
python-packages-1757595213589,source\pip\_internal\commands\download.py,download.py,0.9998327493667603,malicious
python-packages-1757595213589,source\pip\_internal\resolution\resolvelib\found_candidates.py,found_candidates.py,0.9998327493667603,malicious
python-packages-1757595213589,source\pip\_internal\resolution\resolvelib\requirements.py,requirements.py,0.9998323917388916,malicious
python-packages-1757595213589,source\pip\_vendor\truststore\__init__.py,__init__.py,0.999832272529602,malicious
python-packages-1757595213589,source\pip\_internal\commands\hash.py,hash.py,0.9998321533203125,malicious
python-packages-1757595213589,source\pip\_internal\resolution\resolvelib\reporter.py,reporter.py,0.999832034111023,malicious
python-packages-1757595213589,source\pip\_internal\utils\temp_dir.py,temp_dir.py,0.999832034111023,malicious
python-packages-1757595213589,source\pip\_vendor\cachecontrol\filewrapper.py,filewrapper.py,0.9998319149017334,malicious
python-packages-1757595213589,source\pip\_internal\models\direct_url.py,direct_url.py,0.9998317956924438,malicious
python-packages-1757595213589,source\pip\_internal\operations\build\wheel_editable.py,wheel_editable.py,0.9998315572738647,malicious
python-packages-1757595213589,source\pip\_internal\models\format_control.py,format_control.py,0.9998308420181274,malicious
python-packages-1757595213589,source\pip\_internal\models\search_scope.py,search_scope.py,0.9998302459716797,malicious
python-packages-1757595213589,source\pip\_internal\operations\build\metadata_editable.py,metadata_editable.py,0.999829888343811,malicious
python-packages-1757595213589,source\pip\_internal\network\xmlrpc.py,xmlrpc.py,0.9998297691345215,malicious
python-packages-1757595213589,source\pip\_internal\models\pylock.py,pylock.py,0.9998296499252319,malicious
python-packages-1757595213589,source\pip\_vendor\rich\measure.py,measure.py,0.9998295307159424,malicious
python-packages-1757595213589,source\pip\_vendor\packaging\requirements.py,requirements.py,0.9998289346694946,malicious
python-packages-1757595213589,source\pip\_internal\commands\inspect.py,inspect.py,0.9998284578323364,malicious
python-packages-1757595213589,source\pip\_vendor\cachecontrol\wrapper.py,wrapper.py,0.9998283386230469,malicious
python-packages-1757595213589,source\pip\_vendor\rich\padding.py,padding.py,0.9998279809951782,malicious
python-packages-1757595213589,source\pip\_vendor\rich\control.py,control.py,0.9998276233673096,malicious
python-packages-1757595213589,source\pip\_internal\commands\lock.py,lock.py,0.9998270869255066,malicious
python-packages-1757595213589,source\pip\_internal\resolution\resolvelib\base.py,base.py,0.999826967716217,malicious
python-packages-1757595213589,source\pip\_vendor\cachecontrol\adapter.py,adapter.py,0.999826967716217,malicious
python-packages-1757595213589,source\pip\_internal\cli\req_command.py,req_command.py,0.9998267292976379,malicious
python-packages-1757595213589,source\pip\_internal\operations\build\metadata.py,metadata.py,0.9998263716697693,malicious
python-packages-1757595213589,source\pip\_vendor\rich\_loop.py,_loop.py,0.9998262524604797,malicious
python-packages-1757595213589,source\pip\_vendor\rich\live_render.py,live_render.py,0.9998255372047424,malicious
python-packages-1757595213589,source\pip\_internal\commands\__init__.py,__init__.py,0.9998254179954529,malicious
python-packages-1757595213589,source\pip\_vendor\requests\hooks.py,hooks.py,0.9998254179954529,malicious
python-packages-1757595213589,source\pip\_vendor\resolvelib\structs.py,structs.py,0.9998251795768738,malicious
python-packages-1757595213589,source\pip\_vendor\requests\_internal_utils.py,_internal_utils.py,0.9998248219490051,malicious
python-packages-1757595213589,source\pip\_vendor\cachecontrol\caches\redis_cache.py,redis_cache.py,0.9998247027397156,malicious
python-packages-1757595213589,source\pip\_vendor\platformdirs\__init__.py,__init__.py,0.9998244643211365,malicious
python-packages-1757595213589,source\pip\_vendor\rich\spinner.py,spinner.py,0.9998242259025574,malicious
python-packages-1757595213589,source\pip\_vendor\rich\color_triplet.py,color_triplet.py,0.9998237490653992,malicious
python-packages-1757595213589,source\pip\_vendor\urllib3\util\queue.py,queue.py,0.9998237490653992,malicious
python-packages-1757595213589,source\pip\_vendor\rich\filesize.py,filesize.py,0.9998236298561096,malicious
python-packages-1757595213589,source\pip\_vendor\rich\pager.py,pager.py,0.9998230338096619,malicious
python-packages-1757595213589,source\pip\_vendor\rich\styled.py,styled.py,0.9998226761817932,malicious
python-packages-1757595213589,source\pip\_vendor\pyproject_hooks\_in_process\__init__.py,__init__.py,0.9998225569725037,malicious
python-packages-1757595213589,source\pip\_vendor\rich\repr.py,repr.py,0.9998224377632141,malicious
python-packages-1757595213589,source\pip\_vendor\idna\intranges.py,intranges.py,0.9998223185539246,malicious
python-packages-1757595213589,source\pip\_vendor\urllib3\__init__.py,__init__.py,0.999822199344635,malicious
python-packages-1757595213589,source\pip\_internal\operations\install\editable_legacy.py,editable_legacy.py,0.9998219609260559,malicious
python-packages-1757595213589,source\pip\_internal\distributions\base.py,base.py,0.9998217225074768,malicious
python-packages-1757595213589,source\pip\_internal\models\target_python.py,target_python.py,0.9998202919960022,malicious
python-packages-1757595213589,source\pip\_vendor\msgpack\__init__.py,__init__.py,0.9998200535774231,malicious
python-packages-1757595213589,source\pip\_internal\resolution\resolvelib\provider.py,provider.py,0.9998188614845276,malicious
python-packages-1757595213589,source\pip\_internal\models\installation_report.py,installation_report.py,0.9998185038566589,malicious
python-packages-1757595213589,source\pip\_internal\utils\appdirs.py,appdirs.py,0.9998185038566589,malicious
python-packages-1757595213589,source\pip\_vendor\pygments\__main__.py,__main__.py,0.9998185038566589,malicious
python-packages-1757595213589,source\pip\_vendor\urllib3\util\timeout.py,timeout.py,0.9998180270195007,malicious
python-packages-1757595213589,source\pip\_internal\models\index.py,index.py,0.9998179078102112,malicious
python-packages-1757595213589,source\pip\_vendor\rich\containers.py,containers.py,0.9998177886009216,malicious
python-packages-1757595213589,source\pip\_vendor\rich\_emoji_replace.py,_emoji_replace.py,0.9998177886009216,malicious
python-packages-1757595213589,source\pip\_vendor\pygments\formatter.py,formatter.py,0.9998162388801575,malicious
python-packages-1757595213589,source\pip\_vendor\cachecontrol\cache.py,cache.py,0.9998160004615784,malicious
python-packages-1757595213589,source\pip\_internal\utils\deprecation.py,deprecation.py,0.9998158812522888,malicious
python-packages-1757595213589,source\pip\_vendor\rich\_windows_renderer.py,_windows_renderer.py,0.9998155236244202,malicious
python-packages-1757595213589,source\pip\_vendor\distro\__init__.py,__init__.py,0.9998154044151306,malicious
python-packages-1757595213589,source\pip\_internal\distributions\__init__.py,__init__.py,0.9998144507408142,malicious
python-packages-1757595213589,source\pip\_internal\utils\retry.py,retry.py,0.9998140931129456,malicious
python-packages-1757595213589,source\pip\_vendor\urllib3\exceptions.py,exceptions.py,0.9998136162757874,malicious
python-packages-1757595213589,source\pip\_vendor\rich\_emoji_codes.py,_emoji_codes.py,0.9998111128807068,malicious
python-packages-1757595213589,source\pip\_vendor\requests\compat.py,compat.py,0.9998100399971008,malicious
python-packages-1757595213589,source\pip\_vendor\rich\_fileno.py,_fileno.py,0.9998093247413635,malicious
python-packages-1757595213589,source\pip\_internal\distributions\installed.py,installed.py,0.9998084902763367,malicious
python-packages-1757595213589,source\pip\_vendor\rich\screen.py,screen.py,0.9998084902763367,malicious
python-packages-1757595213589,source\pip\_vendor\requests\exceptions.py,exceptions.py,0.9998076558113098,malicious
python-packages-1757595213589,source\pip\_internal\distributions\wheel.py,wheel.py,0.9998072981834412,malicious
python-packages-1757595213589,source\pip\_vendor\rich\_timer.py,_timer.py,0.9998027682304382,malicious
python-packages-1757595213589,source\pip\_vendor\rich\constrain.py,constrain.py,0.9998025298118591,malicious
python-packages-1757595213589,source\pip\_vendor\rich\_pick.py,_pick.py,0.9998003840446472,malicious
python-packages-1757595213589,source\pip\_vendor\resolvelib\resolvers\__init__.py,__init__.py,0.9997988343238831,malicious
python-packages-1757595213589,source\pip\_vendor\urllib3\util\__init__.py,__init__.py,0.9997981190681458,malicious
python-packages-1757595213589,source\pip\_vendor\idna\__init__.py,__init__.py,0.9997978806495667,malicious
python-packages-1757595213589,source\pip\_internal\utils\packaging.py,packaging.py,0.9997956156730652,malicious
python-packages-1757595213589,source\pip\__pip-runner__.py,__pip-runner__.py,0.9997953772544861,malicious
python-packages-1757595213589,source\pip\_internal\cli\command_context.py,command_context.py,0.9997931122779846,malicious
python-packages-1757595213589,source\pip\_vendor\rich\_null_file.py,_null_file.py,0.9997901320457458,malicious
python-packages-1757595213589,source\pip\_vendor\dependency_groups\__init__.py,__init__.py,0.9997835755348206,malicious
python-packages-1757595213589,source\pip\_vendor\rich\_extension.py,_extension.py,0.9997832179069519,malicious
python-packages-1757595213589,source\pip\_vendor\requests\api.py,api.py,0.9997816681861877,malicious
python-packages-1757595213589,source\pip\_vendor\resolvelib\resolvers\abstract.py,abstract.py,0.9997815489768982,malicious
python-packages-1757595213589,source\pip\_internal\models\selection_prefs.py,selection_prefs.py,0.9997811913490295,malicious
python-packages-1757595213589,source\uv\__init__.py,__init__.py,0.9997791647911072,malicious
python-packages-1757595213589,source\pip\_vendor\msgpack\exceptions.py,exceptions.py,0.9997782111167908,malicious
python-packages-1757595213589,source\pip\_vendor\resolvelib\resolvers\criterion.py,criterion.py,0.999777615070343,malicious
python-packages-1757595213589,source\pip\_vendor\dependency_groups\_toml_compat.py,_toml_compat.py,0.9997718930244446,malicious
python-packages-1757595213589,source\pip\_vendor\resolvelib\providers.py,providers.py,0.9997708201408386,malicious
python-packages-1757595213589,source\pip\_vendor\idna\uts46data.py,uts46data.py,0.9997686743736267,malicious
python-packages-1757595213589,source\pip\_vendor\distlib\__init__.py,__init__.py,0.9997625946998596,malicious
python-packages-1757595213589,source\pip\_internal\models\candidate.py,candidate.py,0.999762237071991,malicious
python-packages-1757595213589,source\pip\_vendor\resolvelib\resolvers\exceptions.py,exceptions.py,0.9997621178627014,malicious
python-packages-1757595213589,source\pip\_internal\vcs\__init__.py,__init__.py,0.9997571110725403,malicious
python-packages-1757595213589,source\pip\_vendor\pyproject_hooks\__init__.py,__init__.py,0.9997507929801941,malicious
python-packages-1757595213589,source\pip\_vendor\rich\_stack.py,_stack.py,0.9997467398643494,malicious
python-packages-1757595213589,source\pip\_vendor\resolvelib\__init__.py,__init__.py,0.9997370839118958,malicious
python-packages-1757595213589,source\pip\_vendor\rich\region.py,region.py,0.9997363686561584,malicious
python-packages-1757595213589,source\pip\_internal\__init__.py,__init__.py,0.9997361302375793,malicious
python-packages-1757595213589,source\pip\_internal\utils\_log.py,_log.py,0.999734103679657,malicious
python-packages-1757595213589,source\pip\_vendor\packaging\_structures.py,_structures.py,0.999734103679657,malicious
python-packages-1757595213589,source\pip\_vendor\idna\idnadata.py,idnadata.py,0.9997305274009705,malicious
python-packages-1757595213589,source\pip\_vendor\certifi\__main__.py,__main__.py,0.9997181296348572,malicious
python-packages-1757595213589,source\pip\_internal\main.py,main.py,0.9997068047523499,malicious
python-packages-1757595213589,source\pip\_vendor\rich\terminal_theme.py,terminal_theme.py,0.9997010231018066,malicious
python-packages-1757595213589,source\pip\_vendor\pygments\styles\_mapping.py,_mapping.py,0.9996957778930664,malicious
python-packages-1757595213589,source\pip\_vendor\packaging\licenses\_spdx.py,_spdx.py,0.9996846914291382,malicious
python-packages-1757595213589,source\pip\_vendor\resolvelib\reporters.py,reporters.py,0.9996817111968994,malicious
python-packages-1757595213589,source\pip\_internal\utils\datetime.py,datetime.py,0.9996577501296997,malicious
python-packages-1757595213589,source\pip\_internal\utils\filetypes.py,filetypes.py,0.9996155500411987,malicious
python-packages-1757595213589,source\pip\_vendor\distro\__main__.py,__main__.py,0.9996125102043152,malicious
python-packages-1757595213589,source\pip\_internal\resolution\base.py,base.py,0.99959796667099,malicious
python-packages-1757595213589,source\pip\__init__.py,__init__.py,0.9995827078819275,malicious
python-packages-1757595213589,source\pip\_vendor\rich\_cell_widths.py,_cell_widths.py,0.9995408058166504,malicious
python-packages-1757595213589,source\pip\_internal\models\scheme.py,scheme.py,0.9994550347328186,malicious
python-packages-1757595213589,source\pip\_vendor\pygments\lexers\_mapping.py,_mapping.py,0.9991877675056458,malicious
python-packages-1757595213589,source\pip\_vendor\truststore\_ssl_constants.py,_ssl_constants.py,0.9988632202148438,malicious
python-packages-1757595213589,source\pip\_vendor\cachecontrol\__init__.py,__init__.py,0.998824417591095,malicious
python-packages-1757595213589,source\pip\_vendor\rich\_palettes.py,_palettes.py,0.9987329840660095,malicious
python-packages-1757595213589,source\pip\_vendor\pygments\formatters\_mapping.py,_mapping.py,0.9986863732337952,malicious
python-packages-1757595213589,source\pip\_vendor\idna\compat.py,compat.py,0.9986808896064758,malicious
python-packages-1757595213589,source\pip\_vendor\requests\certs.py,certs.py,0.9982835054397583,malicious
python-packages-1757595213589,source\pip\_vendor\rich\errors.py,errors.py,0.9974752068519592,malicious
python-packages-1757595213589,source\pip\_vendor\platformdirs\version.py,version.py,0.9954041242599487,malicious
python-packages-1757595213589,source\pip\_internal\cli\__init__.py,__init__.py,0.972219705581665,malicious
python-packages-1757595213589,source\pip\_internal\operations\__init__.py,__init__.py,0.7142205238342285,malicious
python-packages-1757595213589,source\pip\_internal\operations\build\__init__.py,__init__.py,0.7142205238342285,malicious
python-packages-1757595213589,source\pip\_internal\resolution\__init__.py,__init__.py,0.7142205238342285,malicious
python-packages-1757595213589,source\pip\_internal\resolution\legacy\__init__.py,__init__.py,0.7142205238342285,malicious
python-packages-1757595213589,source\pip\_internal\resolution\resolvelib\__init__.py,__init__.py,0.7142205238342285,malicious
python-packages-1757595213589,source\pip\_internal\utils\__init__.py,__init__.py,0.7142205238342285,malicious
python-packages-1757595213589,source\pip\_vendor\urllib3\contrib\__init__.py,__init__.py,0.7142205238342285,malicious
python-packages-1757595213589,source\pip\_vendor\urllib3\contrib\_securetransport\__init__.py,__init__.py,0.7142205238342285,malicious
python-packages-1757595213589,source\pip\_vendor\urllib3\packages\__init__.py,__init__.py,0.7142205238342285,malicious
python-packages-1757595213589,source\pip\_vendor\urllib3\packages\backports\__init__.py,__init__.py,0.7142205238342285,malicious
