file_path,file_name,malicious_status,malicious_probability
source\python-packages-1757595213589\source\pip\__init__.py,__init__.py,benign,0.02495279721915722
source\python-packages-1757595213589\source\pip\__main__.py,__main__.py,malicious,0.9554272294044495
source\python-packages-1757595213589\source\pip\__pip-runner__.py,__pip-runner__.py,malicious,0.8993901610374451
source\python-packages-1757595213589\source\pip\_internal\build_env.py,build_env.py,benign,0.02493792027235031
source\python-packages-1757595213589\source\pip\_internal\cache.py,cache.py,benign,0.02590351179242134
source\python-packages-1757595213589\source\pip\_internal\configuration.py,configuration.py,benign,0.004721865523606539
source\python-packages-1757595213589\source\pip\_internal\exceptions.py,exceptions.py,benign,0.029267381876707077
source\python-packages-1757595213589\source\pip\_internal\main.py,main.py,benign,0.02490139938890934
source\python-packages-1757595213589\source\pip\_internal\pyproject.py,pyproject.py,benign,0.0051223537884652615
source\python-packages-1757595213589\source\pip\_internal\self_outdated_check.py,self_outdated_check.py,benign,0.03605804219841957
source\python-packages-1757595213589\source\pip\_internal\wheel_builder.py,wheel_builder.py,benign,0.014396829530596733
source\python-packages-1757595213589\source\pip\_internal\__init__.py,__init__.py,benign,0.02523304894566536
source\python-packages-1757595213589\source\pip\_internal\cli\autocompletion.py,autocompletion.py,benign,0.1913575679063797
source\python-packages-1757595213589\source\pip\_internal\cli\base_command.py,base_command.py,benign,0.02339600771665573
source\python-packages-1757595213589\source\pip\_internal\cli\cmdoptions.py,cmdoptions.py,benign,0.01306393276900053
source\python-packages-1757595213589\source\pip\_internal\cli\command_context.py,command_context.py,benign,0.003946039825677872
source\python-packages-1757595213589\source\pip\_internal\cli\index_command.py,index_command.py,benign,0.017996251583099365
source\python-packages-1757595213589\source\pip\_internal\cli\main.py,main.py,benign,0.006275578867644072
source\python-packages-1757595213589\source\pip\_internal\cli\main_parser.py,main_parser.py,benign,0.014266040176153183
source\python-packages-1757595213589\source\pip\_internal\cli\parser.py,parser.py,benign,0.006030168849974871
source\python-packages-1757595213589\source\pip\_internal\cli\progress_bars.py,progress_bars.py,benign,0.028234519064426422
source\python-packages-1757595213589\source\pip\_internal\cli\req_command.py,req_command.py,benign,0.022756453603506088
source\python-packages-1757595213589\source\pip\_internal\cli\spinners.py,spinners.py,benign,0.033917102962732315
source\python-packages-1757595213589\source\pip\_internal\cli\status_codes.py,status_codes.py,benign,0.024829000234603882
source\python-packages-1757595213589\source\pip\_internal\cli\__init__.py,__init__.py,malicious,0.9526895880699158
source\python-packages-1757595213589\source\pip\_internal\commands\cache.py,cache.py,benign,0.005020394921302795
source\python-packages-1757595213589\source\pip\_internal\commands\check.py,check.py,benign,0.012569067068397999
source\python-packages-1757595213589\source\pip\_internal\commands\completion.py,completion.py,benign,0.026167891919612885
source\python-packages-1757595213589\source\pip\_internal\commands\configuration.py,configuration.py,benign,0.037424925714731216
source\python-packages-1757595213589\source\pip\_internal\commands\debug.py,debug.py,benign,0.03556950390338898
source\python-packages-1757595213589\source\pip\_internal\commands\download.py,download.py,benign,0.023221448063850403
source\python-packages-1757595213589\source\pip\_internal\commands\freeze.py,freeze.py,benign,0.015705250203609467
source\python-packages-1757595213589\source\pip\_internal\commands\hash.py,hash.py,benign,0.03317606821656227
source\python-packages-1757595213589\source\pip\_internal\commands\help.py,help.py,benign,0.021944085136055946
source\python-packages-1757595213589\source\pip\_internal\commands\index.py,index.py,benign,0.032342735677957535
source\python-packages-1757595213589\source\pip\_internal\commands\inspect.py,inspect.py,benign,0.03604382649064064
source\python-packages-1757595213589\source\pip\_internal\commands\install.py,install.py,benign,0.016543088480830193
source\python-packages-1757595213589\source\pip\_internal\commands\list.py,list.py,benign,0.02505633421242237
source\python-packages-1757595213589\source\pip\_internal\commands\lock.py,lock.py,benign,0.027589445933699608
source\python-packages-1757595213589\source\pip\_internal\commands\search.py,search.py,benign,0.01575368456542492
source\python-packages-1757595213589\source\pip\_internal\commands\show.py,show.py,benign,0.04586023837327957
source\python-packages-1757595213589\source\pip\_internal\commands\uninstall.py,uninstall.py,benign,0.009928620420396328
source\python-packages-1757595213589\source\pip\_internal\commands\wheel.py,wheel.py,benign,0.021468311548233032
source\python-packages-1757595213589\source\pip\_internal\commands\__init__.py,__init__.py,benign,0.014428696595132351
source\python-packages-1757595213589\source\pip\_internal\distributions\base.py,base.py,benign,0.009510969743132591
source\python-packages-1757595213589\source\pip\_internal\distributions\installed.py,installed.py,benign,0.007371500134468079
source\python-packages-1757595213589\source\pip\_internal\distributions\sdist.py,sdist.py,benign,0.00794949196279049
source\python-packages-1757595213589\source\pip\_internal\distributions\wheel.py,wheel.py,benign,0.016118580475449562
source\python-packages-1757595213589\source\pip\_internal\distributions\__init__.py,__init__.py,benign,0.03249669075012207
source\python-packages-1757595213589\source\pip\_internal\index\collector.py,collector.py,benign,0.03116319514811039
source\python-packages-1757595213589\source\pip\_internal\index\package_finder.py,package_finder.py,benign,0.07671807706356049
source\python-packages-1757595213589\source\pip\_internal\index\sources.py,sources.py,benign,0.023028284311294556
source\python-packages-1757595213589\source\pip\_internal\index\__init__.py,__init__.py,malicious,0.9526895880699158
source\python-packages-1757595213589\source\pip\_internal\locations\base.py,base.py,benign,0.010339409112930298
source\python-packages-1757595213589\source\pip\_internal\locations\_distutils.py,_distutils.py,benign,0.02758711576461792
source\python-packages-1757595213589\source\pip\_internal\locations\_sysconfig.py,_sysconfig.py,benign,0.005525212734937668
source\python-packages-1757595213589\source\pip\_internal\locations\__init__.py,__init__.py,benign,0.004466927144676447
source\python-packages-1757595213589\source\pip\_internal\metadata\base.py,base.py,benign,0.020293638110160828
source\python-packages-1757595213589\source\pip\_internal\metadata\pkg_resources.py,pkg_resources.py,benign,0.05441831797361374
source\python-packages-1757595213589\source\pip\_internal\metadata\_json.py,_json.py,benign,0.008160634897649288
source\python-packages-1757595213589\source\pip\_internal\metadata\__init__.py,__init__.py,benign,0.030175456777215004
source\python-packages-1757595213589\source\pip\_internal\metadata\importlib\_compat.py,_compat.py,benign,0.005204784218221903
source\python-packages-1757595213589\source\pip\_internal\metadata\importlib\_dists.py,_dists.py,benign,0.03702819347381592
source\python-packages-1757595213589\source\pip\_internal\metadata\importlib\_envs.py,_envs.py,benign,0.03910692781209946
source\python-packages-1757595213589\source\pip\_internal\metadata\importlib\__init__.py,__init__.py,benign,0.024818746373057365
source\python-packages-1757595213589\source\pip\_internal\models\candidate.py,candidate.py,benign,0.005173225421458483
source\python-packages-1757595213589\source\pip\_internal\models\direct_url.py,direct_url.py,benign,0.007535357028245926
source\python-packages-1757595213589\source\pip\_internal\models\format_control.py,format_control.py,benign,0.02141982689499855
source\python-packages-1757595213589\source\pip\_internal\models\index.py,index.py,benign,0.07374604046344757
source\python-packages-1757595213589\source\pip\_internal\models\installation_report.py,installation_report.py,benign,0.006648206617683172
source\python-packages-1757595213589\source\pip\_internal\models\link.py,link.py,benign,0.0190095417201519
source\python-packages-1757595213589\source\pip\_internal\models\pylock.py,pylock.py,benign,0.04361822456121445
source\python-packages-1757595213589\source\pip\_internal\models\scheme.py,scheme.py,benign,0.025865424424409866
source\python-packages-1757595213589\source\pip\_internal\models\search_scope.py,search_scope.py,benign,0.013535120524466038
source\python-packages-1757595213589\source\pip\_internal\models\selection_prefs.py,selection_prefs.py,benign,0.006390666589140892
source\python-packages-1757595213589\source\pip\_internal\models\target_python.py,target_python.py,benign,0.010986579582095146
source\python-packages-1757595213589\source\pip\_internal\models\wheel.py,wheel.py,benign,0.003833798225969076
source\python-packages-1757595213589\source\pip\_internal\models\__init__.py,__init__.py,malicious,0.9526895880699158
source\python-packages-1757595213589\source\pip\_internal\network\auth.py,auth.py,benign,0.040638700127601624
source\python-packages-1757595213589\source\pip\_internal\network\cache.py,cache.py,benign,0.01108939852565527
source\python-packages-1757595213589\source\pip\_internal\network\download.py,download.py,benign,0.0286027193069458
source\python-packages-1757595213589\source\pip\_internal\network\lazy_wheel.py,lazy_wheel.py,benign,0.030319765210151672
source\python-packages-1757595213589\source\pip\_internal\network\session.py,session.py,benign,0.028347225859761238
source\python-packages-1757595213589\source\pip\_internal\network\utils.py,utils.py,benign,0.04830031469464302
source\python-packages-1757595213589\source\pip\_internal\network\xmlrpc.py,xmlrpc.py,benign,0.005615021102130413
source\python-packages-1757595213589\source\pip\_internal\network\__init__.py,__init__.py,malicious,0.9526895880699158
source\python-packages-1757595213589\source\pip\_internal\operations\check.py,check.py,benign,0.0219196118414402
source\python-packages-1757595213589\source\pip\_internal\operations\freeze.py,freeze.py,benign,0.0123760299757123
source\python-packages-1757595213589\source\pip\_internal\operations\prepare.py,prepare.py,benign,0.004729931242763996
source\python-packages-1757595213589\source\pip\_internal\operations\__init__.py,__init__.py,error,0.0
source\python-packages-1757595213589\source\pip\_internal\operations\build\build_tracker.py,build_tracker.py,benign,0.07024801522493362
source\python-packages-1757595213589\source\pip\_internal\operations\build\metadata.py,metadata.py,malicious,0.9347224831581116
source\python-packages-1757595213589\source\pip\_internal\operations\build\metadata_editable.py,metadata_editable.py,malicious,0.9347224831581116
source\python-packages-1757595213589\source\pip\_internal\operations\build\metadata_legacy.py,metadata_legacy.py,benign,0.008144810795783997
source\python-packages-1757595213589\source\pip\_internal\operations\build\wheel.py,wheel.py,benign,0.021580159664154053
source\python-packages-1757595213589\source\pip\_internal\operations\build\wheel_editable.py,wheel_editable.py,benign,0.012262135744094849
source\python-packages-1757595213589\source\pip\_internal\operations\build\wheel_legacy.py,wheel_legacy.py,benign,0.016230395063757896
source\python-packages-1757595213589\source\pip\_internal\operations\build\__init__.py,__init__.py,error,0.0
source\python-packages-1757595213589\source\pip\_internal\operations\install\editable_legacy.py,editable_legacy.py,benign,0.009005564264953136
source\python-packages-1757595213589\source\pip\_internal\operations\install\wheel.py,wheel.py,benign,0.007651487831026316
source\python-packages-1757595213589\source\pip\_internal\operations\install\__init__.py,__init__.py,malicious,0.9526895880699158
source\python-packages-1757595213589\source\pip\_internal\req\constructors.py,constructors.py,benign,0.02522137761116028
source\python-packages-1757595213589\source\pip\_internal\req\req_dependency_group.py,req_dependency_group.py,benign,0.01701364293694496
source\python-packages-1757595213589\source\pip\_internal\req\req_file.py,req_file.py,benign,0.06758087128400803
source\python-packages-1757595213589\source\pip\_internal\req\req_install.py,req_install.py,benign,0.029065757989883423
source\python-packages-1757595213589\source\pip\_internal\req\req_set.py,req_set.py,benign,0.004623781889677048
source\python-packages-1757595213589\source\pip\_internal\req\req_uninstall.py,req_uninstall.py,benign,0.02313249185681343
source\python-packages-1757595213589\source\pip\_internal\req\__init__.py,__init__.py,benign,0.0034726487938314676
source\python-packages-1757595213589\source\pip\_internal\resolution\base.py,base.py,benign,0.022848324850201607
source\python-packages-1757595213589\source\pip\_internal\resolution\__init__.py,__init__.py,error,0.0
source\python-packages-1757595213589\source\pip\_internal\resolution\legacy\resolver.py,resolver.py,benign,0.023928897455334663
source\python-packages-1757595213589\source\pip\_internal\resolution\legacy\__init__.py,__init__.py,error,0.0
source\python-packages-1757595213589\source\pip\_internal\resolution\resolvelib\base.py,base.py,benign,0.011594039388000965
source\python-packages-1757595213589\source\pip\_internal\resolution\resolvelib\candidates.py,candidates.py,benign,0.00998324528336525
source\python-packages-1757595213589\source\pip\_internal\resolution\resolvelib\factory.py,factory.py,benign,0.01812981627881527
source\python-packages-1757595213589\source\pip\_internal\resolution\resolvelib\found_candidates.py,found_candidates.py,benign,0.030338725075125694
source\python-packages-1757595213589\source\pip\_internal\resolution\resolvelib\provider.py,provider.py,benign,0.01765470579266548
source\python-packages-1757595213589\source\pip\_internal\resolution\resolvelib\reporter.py,reporter.py,benign,0.011836081743240356
source\python-packages-1757595213589\source\pip\_internal\resolution\resolvelib\requirements.py,requirements.py,benign,0.009331044740974903
source\python-packages-1757595213589\source\pip\_internal\resolution\resolvelib\resolver.py,resolver.py,benign,0.023238958790898323
source\python-packages-1757595213589\source\pip\_internal\resolution\resolvelib\__init__.py,__init__.py,error,0.0
source\python-packages-1757595213589\source\pip\_internal\utils\appdirs.py,appdirs.py,malicious,0.9127700924873352
source\python-packages-1757595213589\source\pip\_internal\utils\compat.py,compat.py,benign,0.008089110255241394
source\python-packages-1757595213589\source\pip\_internal\utils\compatibility_tags.py,compatibility_tags.py,benign,0.0114835724234581
source\python-packages-1757595213589\source\pip\_internal\utils\datetime.py,datetime.py,benign,0.025062642991542816
source\python-packages-1757595213589\source\pip\_internal\utils\deprecation.py,deprecation.py,benign,0.012306504882872105
source\python-packages-1757595213589\source\pip\_internal\utils\direct_url_helpers.py,direct_url_helpers.py,benign,0.020352695137262344
source\python-packages-1757595213589\source\pip\_internal\utils\egg_link.py,egg_link.py,benign,0.012456702068448067
source\python-packages-1757595213589\source\pip\_internal\utils\entrypoints.py,entrypoints.py,benign,0.004620015621185303
source\python-packages-1757595213589\source\pip\_internal\utils\filesystem.py,filesystem.py,benign,0.049508269876241684
source\python-packages-1757595213589\source\pip\_internal\utils\filetypes.py,filetypes.py,benign,0.01767141930758953
source\python-packages-1757595213589\source\pip\_internal\utils\glibc.py,glibc.py,benign,0.0534684956073761
source\python-packages-1757595213589\source\pip\_internal\utils\hashes.py,hashes.py,benign,0.0043447986245155334
source\python-packages-1757595213589\source\pip\_internal\utils\logging.py,logging.py,benign,0.012669803574681282
source\python-packages-1757595213589\source\pip\_internal\utils\misc.py,misc.py,benign,0.019662251695990562
source\python-packages-1757595213589\source\pip\_internal\utils\packaging.py,packaging.py,benign,0.010652702301740646
source\python-packages-1757595213589\source\pip\_internal\utils\retry.py,retry.py,benign,0.016591092571616173
source\python-packages-1757595213589\source\pip\_internal\utils\setuptools_build.py,setuptools_build.py,benign,0.012701623141765594
source\python-packages-1757595213589\source\pip\_internal\utils\subprocess.py,subprocess.py,benign,0.01768741011619568
source\python-packages-1757595213589\source\pip\_internal\utils\temp_dir.py,temp_dir.py,benign,0.010924248956143856
source\python-packages-1757595213589\source\pip\_internal\utils\unpacking.py,unpacking.py,benign,0.05000222101807594
source\python-packages-1757595213589\source\pip\_internal\utils\urls.py,urls.py,malicious,0.9130190014839172
source\python-packages-1757595213589\source\pip\_internal\utils\virtualenv.py,virtualenv.py,benign,0.018629025667905807
source\python-packages-1757595213589\source\pip\_internal\utils\wheel.py,wheel.py,benign,0.02227661944925785
source\python-packages-1757595213589\source\pip\_internal\utils\_jaraco_text.py,_jaraco_text.py,benign,0.027461549267172813
source\python-packages-1757595213589\source\pip\_internal\utils\_log.py,_log.py,benign,0.019564328715205193
source\python-packages-1757595213589\source\pip\_internal\utils\__init__.py,__init__.py,error,0.0
source\python-packages-1757595213589\source\pip\_internal\vcs\bazaar.py,bazaar.py,benign,0.06403332948684692
source\python-packages-1757595213589\source\pip\_internal\vcs\git.py,git.py,benign,0.00853203795850277
source\python-packages-1757595213589\source\pip\_internal\vcs\mercurial.py,mercurial.py,benign,0.010423916392028332
source\python-packages-1757595213589\source\pip\_internal\vcs\subversion.py,subversion.py,benign,0.02761436440050602
source\python-packages-1757595213589\source\pip\_internal\vcs\versioncontrol.py,versioncontrol.py,benign,0.036044999957084656
source\python-packages-1757595213589\source\pip\_internal\vcs\__init__.py,__init__.py,benign,0.026415109634399414
source\python-packages-1757595213589\source\pip\_vendor\__init__.py,__init__.py,malicious,0.8804901838302612
source\python-packages-1757595213589\source\pip\_vendor\cachecontrol\adapter.py,adapter.py,benign,0.02458891086280346
source\python-packages-1757595213589\source\pip\_vendor\cachecontrol\cache.py,cache.py,benign,0.028996845707297325
source\python-packages-1757595213589\source\pip\_vendor\cachecontrol\controller.py,controller.py,benign,0.04662540927529335
source\python-packages-1757595213589\source\pip\_vendor\cachecontrol\filewrapper.py,filewrapper.py,benign,0.011793148703873158
source\python-packages-1757595213589\source\pip\_vendor\cachecontrol\heuristics.py,heuristics.py,benign,0.019827796146273613
source\python-packages-1757595213589\source\pip\_vendor\cachecontrol\serialize.py,serialize.py,benign,0.280619353055954
source\python-packages-1757595213589\source\pip\_vendor\cachecontrol\wrapper.py,wrapper.py,benign,0.041260696947574615
source\python-packages-1757595213589\source\pip\_vendor\cachecontrol\_cmd.py,_cmd.py,benign,0.003986705560237169
source\python-packages-1757595213589\source\pip\_vendor\cachecontrol\__init__.py,__init__.py,benign,0.02992713637650013
source\python-packages-1757595213589\source\pip\_vendor\cachecontrol\caches\file_cache.py,file_cache.py,benign,0.0069799055345356464
source\python-packages-1757595213589\source\pip\_vendor\cachecontrol\caches\redis_cache.py,redis_cache.py,benign,0.13175693154335022
source\python-packages-1757595213589\source\pip\_vendor\cachecontrol\caches\__init__.py,__init__.py,benign,0.02493809536099434
source\python-packages-1757595213589\source\pip\_vendor\certifi\core.py,core.py,benign,0.027576567605137825
source\python-packages-1757595213589\source\pip\_vendor\certifi\__init__.py,__init__.py,benign,0.02480556257069111
source\python-packages-1757595213589\source\pip\_vendor\certifi\__main__.py,__main__.py,benign,0.03020574524998665
source\python-packages-1757595213589\source\pip\_vendor\dependency_groups\_implementation.py,_implementation.py,benign,0.013859652914106846
source\python-packages-1757595213589\source\pip\_vendor\dependency_groups\_lint_dependency_groups.py,_lint_dependency_groups.py,benign,0.02332426607608795
source\python-packages-1757595213589\source\pip\_vendor\dependency_groups\_pip_wrapper.py,_pip_wrapper.py,benign,0.07118885219097137
source\python-packages-1757595213589\source\pip\_vendor\dependency_groups\_toml_compat.py,_toml_compat.py,benign,0.025044571608304977
source\python-packages-1757595213589\source\pip\_vendor\dependency_groups\__init__.py,__init__.py,benign,0.024865124374628067
source\python-packages-1757595213589\source\pip\_vendor\dependency_groups\__main__.py,__main__.py,benign,0.02616267278790474
source\python-packages-1757595213589\source\pip\_vendor\distlib\compat.py,compat.py,benign,0.3072253167629242
source\python-packages-1757595213589\source\pip\_vendor\distlib\resources.py,resources.py,benign,0.02629479020833969
source\python-packages-1757595213589\source\pip\_vendor\distlib\scripts.py,scripts.py,benign,0.44880229234695435
source\python-packages-1757595213589\source\pip\_vendor\distlib\util.py,util.py,benign,0.025524001568555832
source\python-packages-1757595213589\source\pip\_vendor\distlib\__init__.py,__init__.py,benign,0.018873685970902443
source\python-packages-1757595213589\source\pip\_vendor\distro\distro.py,distro.py,benign,0.004213596228510141
source\python-packages-1757595213589\source\pip\_vendor\distro\__init__.py,__init__.py,benign,0.01562926545739174
source\python-packages-1757595213589\source\pip\_vendor\distro\__main__.py,__main__.py,benign,0.0248014684766531
source\python-packages-1757595213589\source\pip\_vendor\idna\codec.py,codec.py,benign,0.014917949214577675
source\python-packages-1757595213589\source\pip\_vendor\idna\compat.py,compat.py,benign,0.03056468814611435
source\python-packages-1757595213589\source\pip\_vendor\idna\core.py,core.py,benign,0.03236826881766319
source\python-packages-1757595213589\source\pip\_vendor\idna\idnadata.py,idnadata.py,benign,0.016197726130485535
source\python-packages-1757595213589\source\pip\_vendor\idna\intranges.py,intranges.py,benign,0.040316008031368256
source\python-packages-1757595213589\source\pip\_vendor\idna\package_data.py,package_data.py,malicious,0.9527007341384888
source\python-packages-1757595213589\source\pip\_vendor\idna\uts46data.py,uts46data.py,benign,0.008555587381124496
source\python-packages-1757595213589\source\pip\_vendor\idna\__init__.py,__init__.py,benign,0.017962263897061348
source\python-packages-1757595213589\source\pip\_vendor\msgpack\exceptions.py,exceptions.py,benign,0.00842349324375391
source\python-packages-1757595213589\source\pip\_vendor\msgpack\ext.py,ext.py,benign,0.0038691225927323103
source\python-packages-1757595213589\source\pip\_vendor\msgpack\fallback.py,fallback.py,benign,0.058219969272613525
source\python-packages-1757595213589\source\pip\_vendor\msgpack\__init__.py,__init__.py,benign,0.00464742723852396
source\python-packages-1757595213589\source\pip\_vendor\packaging\markers.py,markers.py,benign,0.013308643363416195
source\python-packages-1757595213589\source\pip\_vendor\packaging\metadata.py,metadata.py,benign,0.006351078860461712
source\python-packages-1757595213589\source\pip\_vendor\packaging\requirements.py,requirements.py,benign,0.006855610758066177
source\python-packages-1757595213589\source\pip\_vendor\packaging\specifiers.py,specifiers.py,benign,0.019138040021061897
source\python-packages-1757595213589\source\pip\_vendor\packaging\tags.py,tags.py,benign,0.011354031972587109
source\python-packages-1757595213589\source\pip\_vendor\packaging\utils.py,utils.py,benign,0.03620937466621399
source\python-packages-1757595213589\source\pip\_vendor\packaging\version.py,version.py,benign,0.024151332676410675
source\python-packages-1757595213589\source\pip\_vendor\packaging\_elffile.py,_elffile.py,benign,0.047092609107494354
source\python-packages-1757595213589\source\pip\_vendor\packaging\_manylinux.py,_manylinux.py,benign,0.07342570275068283
source\python-packages-1757595213589\source\pip\_vendor\packaging\_musllinux.py,_musllinux.py,benign,0.01271313987672329
source\python-packages-1757595213589\source\pip\_vendor\packaging\_parser.py,_parser.py,benign,0.007476959843188524
source\python-packages-1757595213589\source\pip\_vendor\packaging\_structures.py,_structures.py,benign,0.007801976054906845
source\python-packages-1757595213589\source\pip\_vendor\packaging\_tokenizer.py,_tokenizer.py,benign,0.0024856962263584137
source\python-packages-1757595213589\source\pip\_vendor\packaging\__init__.py,__init__.py,malicious,0.9526751041412354
source\python-packages-1757595213589\source\pip\_vendor\packaging\licenses\_spdx.py,_spdx.py,benign,0.01821368746459484
source\python-packages-1757595213589\source\pip\_vendor\packaging\licenses\__init__.py,__init__.py,benign,0.0161424707621336
source\python-packages-1757595213589\source\pip\_vendor\pkg_resources\__init__.py,__init__.py,benign,0.09229415655136108
source\python-packages-1757595213589\source\pip\_vendor\platformdirs\android.py,android.py,benign,0.006231087725609541
source\python-packages-1757595213589\source\pip\_vendor\platformdirs\api.py,api.py,benign,0.011516451835632324
source\python-packages-1757595213589\source\pip\_vendor\platformdirs\macos.py,macos.py,benign,0.05412975326180458
source\python-packages-1757595213589\source\pip\_vendor\platformdirs\unix.py,unix.py,benign,0.03174833953380585
source\python-packages-1757595213589\source\pip\_vendor\platformdirs\version.py,version.py,benign,0.09043468534946442
source\python-packages-1757595213589\source\pip\_vendor\platformdirs\windows.py,windows.py,benign,0.053438011556863785
source\python-packages-1757595213589\source\pip\_vendor\platformdirs\__init__.py,__init__.py,benign,0.013552379794418812
source\python-packages-1757595213589\source\pip\_vendor\platformdirs\__main__.py,__main__.py,malicious,0.5528577566146851
source\python-packages-1757595213589\source\pip\_vendor\pygments\console.py,console.py,benign,0.021051213145256042
source\python-packages-1757595213589\source\pip\_vendor\pygments\filter.py,filter.py,benign,0.008283089846372604
source\python-packages-1757595213589\source\pip\_vendor\pygments\formatter.py,formatter.py,benign,0.008248871192336082
source\python-packages-1757595213589\source\pip\_vendor\pygments\lexer.py,lexer.py,benign,0.011012655682861805
source\python-packages-1757595213589\source\pip\_vendor\pygments\modeline.py,modeline.py,benign,0.22426217794418335
source\python-packages-1757595213589\source\pip\_vendor\pygments\plugin.py,plugin.py,benign,0.3149164617061615
source\python-packages-1757595213589\source\pip\_vendor\pygments\regexopt.py,regexopt.py,benign,0.02006603218615055
source\python-packages-1757595213589\source\pip\_vendor\pygments\scanner.py,scanner.py,benign,0.011761825531721115
source\python-packages-1757595213589\source\pip\_vendor\pygments\sphinxext.py,sphinxext.py,benign,0.014340500347316265
source\python-packages-1757595213589\source\pip\_vendor\pygments\style.py,style.py,benign,0.007660352159291506
source\python-packages-1757595213589\source\pip\_vendor\pygments\token.py,token.py,benign,0.0033860928378999233
source\python-packages-1757595213589\source\pip\_vendor\pygments\unistring.py,unistring.py,benign,0.029892273247241974
source\python-packages-1757595213589\source\pip\_vendor\pygments\util.py,util.py,benign,0.007867999374866486
source\python-packages-1757595213589\source\pip\_vendor\pygments\__init__.py,__init__.py,benign,0.009009608067572117
source\python-packages-1757595213589\source\pip\_vendor\pygments\__main__.py,__main__.py,benign,0.025258319452404976
source\python-packages-1757595213589\source\pip\_vendor\pygments\filters\__init__.py,__init__.py,benign,0.011346384882926941
source\python-packages-1757595213589\source\pip\_vendor\pygments\formatters\_mapping.py,_mapping.py,benign,0.016912810504436493
source\python-packages-1757595213589\source\pip\_vendor\pygments\formatters\__init__.py,__init__.py,benign,0.03169102221727371
source\python-packages-1757595213589\source\pip\_vendor\pygments\lexers\python.py,python.py,benign,0.011487497016787529
source\python-packages-1757595213589\source\pip\_vendor\pygments\lexers\_mapping.py,_mapping.py,benign,0.014273651875555515
source\python-packages-1757595213589\source\pip\_vendor\pygments\lexers\__init__.py,__init__.py,benign,0.008432506583631039
source\python-packages-1757595213589\source\pip\_vendor\pygments\styles\_mapping.py,_mapping.py,benign,0.007230904884636402
source\python-packages-1757595213589\source\pip\_vendor\pygments\styles\__init__.py,__init__.py,benign,0.019676202908158302
source\python-packages-1757595213589\source\pip\_vendor\pyproject_hooks\_impl.py,_impl.py,benign,0.3945738971233368
source\python-packages-1757595213589\source\pip\_vendor\pyproject_hooks\__init__.py,__init__.py,benign,0.02652701735496521
source\python-packages-1757595213589\source\pip\_vendor\pyproject_hooks\_in_process\_in_process.py,_in_process.py,malicious,0.9287739396095276
source\python-packages-1757595213589\source\pip\_vendor\pyproject_hooks\_in_process\__init__.py,__init__.py,benign,0.03192928433418274
source\python-packages-1757595213589\source\pip\_vendor\requests\adapters.py,adapters.py,malicious,0.915583610534668
source\python-packages-1757595213589\source\pip\_vendor\requests\api.py,api.py,benign,0.2622424364089966
source\python-packages-1757595213589\source\pip\_vendor\requests\auth.py,auth.py,benign,0.027274856343865395
source\python-packages-1757595213589\source\pip\_vendor\requests\certs.py,certs.py,benign,0.024813996627926826
source\python-packages-1757595213589\source\pip\_vendor\requests\compat.py,compat.py,benign,0.13208499550819397
source\python-packages-1757595213589\source\pip\_vendor\requests\cookies.py,cookies.py,benign,0.02716810815036297
source\python-packages-1757595213589\source\pip\_vendor\requests\exceptions.py,exceptions.py,benign,0.011175465770065784
source\python-packages-1757595213589\source\pip\_vendor\requests\help.py,help.py,malicious,0.9581204056739807
source\python-packages-1757595213589\source\pip\_vendor\requests\hooks.py,hooks.py,benign,0.08545860648155212
source\python-packages-1757595213589\source\pip\_vendor\requests\models.py,models.py,benign,0.010297166183590889
source\python-packages-1757595213589\source\pip\_vendor\requests\packages.py,packages.py,benign,0.0199041198939085
source\python-packages-1757595213589\source\pip\_vendor\requests\sessions.py,sessions.py,benign,0.012861537747085094
source\python-packages-1757595213589\source\pip\_vendor\requests\status_codes.py,status_codes.py,benign,0.018882663920521736
source\python-packages-1757595213589\source\pip\_vendor\requests\structures.py,structures.py,malicious,0.7905327081680298
source\python-packages-1757595213589\source\pip\_vendor\requests\utils.py,utils.py,benign,0.011623178608715534
source\python-packages-1757595213589\source\pip\_vendor\requests\_internal_utils.py,_internal_utils.py,benign,0.008168420754373074
source\python-packages-1757595213589\source\pip\_vendor\requests\__init__.py,__init__.py,benign,0.09088822454214096
source\python-packages-1757595213589\source\pip\_vendor\requests\__version__.py,__version__.py,malicious,0.9526610374450684
source\python-packages-1757595213589\source\pip\_vendor\resolvelib\providers.py,providers.py,benign,0.007752785459160805
source\python-packages-1757595213589\source\pip\_vendor\resolvelib\reporters.py,reporters.py,benign,0.029454773291945457
source\python-packages-1757595213589\source\pip\_vendor\resolvelib\structs.py,structs.py,benign,0.009654255583882332
source\python-packages-1757595213589\source\pip\_vendor\resolvelib\__init__.py,__init__.py,benign,0.02793925628066063
source\python-packages-1757595213589\source\pip\_vendor\resolvelib\resolvers\abstract.py,abstract.py,benign,0.018016157671809196
source\python-packages-1757595213589\source\pip\_vendor\resolvelib\resolvers\criterion.py,criterion.py,benign,0.009904061444103718
source\python-packages-1757595213589\source\pip\_vendor\resolvelib\resolvers\exceptions.py,exceptions.py,benign,0.006661578081548214
source\python-packages-1757595213589\source\pip\_vendor\resolvelib\resolvers\resolution.py,resolution.py,benign,0.038800738751888275
source\python-packages-1757595213589\source\pip\_vendor\resolvelib\resolvers\__init__.py,__init__.py,benign,0.04314678534865379
source\python-packages-1757595213589\source\pip\_vendor\rich\abc.py,abc.py,benign,0.03159504011273384
source\python-packages-1757595213589\source\pip\_vendor\rich\align.py,align.py,benign,0.0075598242692649364
source\python-packages-1757595213589\source\pip\_vendor\rich\ansi.py,ansi.py,benign,0.016674693673849106
source\python-packages-1757595213589\source\pip\_vendor\rich\bar.py,bar.py,benign,0.01880720630288124
source\python-packages-1757595213589\source\pip\_vendor\rich\box.py,box.py,benign,0.007171549368649721
source\python-packages-1757595213589\source\pip\_vendor\rich\cells.py,cells.py,benign,0.16753363609313965
source\python-packages-1757595213589\source\pip\_vendor\rich\color.py,color.py,benign,0.00558426370844245
source\python-packages-1757595213589\source\pip\_vendor\rich\color_triplet.py,color_triplet.py,benign,0.03809813782572746
source\python-packages-1757595213589\source\pip\_vendor\rich\columns.py,columns.py,benign,0.005466036032885313
source\python-packages-1757595213589\source\pip\_vendor\rich\console.py,console.py,benign,0.01013288926333189
source\python-packages-1757595213589\source\pip\_vendor\rich\constrain.py,constrain.py,benign,0.042296409606933594
source\python-packages-1757595213589\source\pip\_vendor\rich\containers.py,containers.py,benign,0.007061715237796307
source\python-packages-1757595213589\source\pip\_vendor\rich\control.py,control.py,benign,0.008069739677011967
source\python-packages-1757595213589\source\pip\_vendor\rich\default_styles.py,default_styles.py,benign,0.013349405489861965
source\python-packages-1757595213589\source\pip\_vendor\rich\diagnose.py,diagnose.py,malicious,0.8274719715118408
source\python-packages-1757595213589\source\pip\_vendor\rich\emoji.py,emoji.py,benign,0.014769592322409153
source\python-packages-1757595213589\source\pip\_vendor\rich\errors.py,errors.py,benign,0.04187822714447975
source\python-packages-1757595213589\source\pip\_vendor\rich\filesize.py,filesize.py,benign,0.009398203343153
source\python-packages-1757595213589\source\pip\_vendor\rich\file_proxy.py,file_proxy.py,benign,0.005621894728392363
source\python-packages-1757595213589\source\pip\_vendor\rich\highlighter.py,highlighter.py,benign,0.014963790774345398
source\python-packages-1757595213589\source\pip\_vendor\rich\json.py,json.py,benign,0.012176976539194584
source\python-packages-1757595213589\source\pip\_vendor\rich\jupyter.py,jupyter.py,benign,0.004559655208140612
source\python-packages-1757595213589\source\pip\_vendor\rich\layout.py,layout.py,benign,0.05179216340184212
source\python-packages-1757595213589\source\pip\_vendor\rich\live.py,live.py,benign,0.0477084256708622
source\python-packages-1757595213589\source\pip\_vendor\rich\live_render.py,live_render.py,benign,0.01323274802416563
source\python-packages-1757595213589\source\pip\_vendor\rich\logging.py,logging.py,benign,0.009160410612821579
source\python-packages-1757595213589\source\pip\_vendor\rich\markup.py,markup.py,benign,0.011610225774347782
source\python-packages-1757595213589\source\pip\_vendor\rich\measure.py,measure.py,benign,0.02378261461853981
source\python-packages-1757595213589\source\pip\_vendor\rich\padding.py,padding.py,benign,0.0041072191670536995
source\python-packages-1757595213589\source\pip\_vendor\rich\pager.py,pager.py,benign,0.24967065453529358
source\python-packages-1757595213589\source\pip\_vendor\rich\palette.py,palette.py,benign,0.019290154799818993
source\python-packages-1757595213589\source\pip\_vendor\rich\panel.py,panel.py,benign,0.0061759501695632935
source\python-packages-1757595213589\source\pip\_vendor\rich\pretty.py,pretty.py,benign,0.006868807598948479
source\python-packages-1757595213589\source\pip\_vendor\rich\progress.py,progress.py,benign,0.009151305072009563
source\python-packages-1757595213589\source\pip\_vendor\rich\progress_bar.py,progress_bar.py,benign,0.01334961224347353
source\python-packages-1757595213589\source\pip\_vendor\rich\prompt.py,prompt.py,benign,0.008377683348953724
source\python-packages-1757595213589\source\pip\_vendor\rich\protocol.py,protocol.py,benign,0.011994420550763607
source\python-packages-1757595213589\source\pip\_vendor\rich\region.py,region.py,benign,0.02483336627483368
source\python-packages-1757595213589\source\pip\_vendor\rich\repr.py,repr.py,benign,0.03413334861397743
source\python-packages-1757595213589\source\pip\_vendor\rich\rule.py,rule.py,benign,0.007031929679214954
source\python-packages-1757595213589\source\pip\_vendor\rich\scope.py,scope.py,benign,0.017220206558704376
source\python-packages-1757595213589\source\pip\_vendor\rich\screen.py,screen.py,benign,0.042521875351667404
source\python-packages-1757595213589\source\pip\_vendor\rich\segment.py,segment.py,benign,0.0061554452404379845
source\python-packages-1757595213589\source\pip\_vendor\rich\spinner.py,spinner.py,benign,0.007464578375220299
source\python-packages-1757595213589\source\pip\_vendor\rich\status.py,status.py,benign,0.014339126646518707
source\python-packages-1757595213589\source\pip\_vendor\rich\style.py,style.py,benign,0.0031662420369684696
source\python-packages-1757595213589\source\pip\_vendor\rich\styled.py,styled.py,benign,0.014980437234044075
source\python-packages-1757595213589\source\pip\_vendor\rich\syntax.py,syntax.py,benign,0.023323101922869682
source\python-packages-1757595213589\source\pip\_vendor\rich\table.py,table.py,benign,0.04641159623861313
source\python-packages-1757595213589\source\pip\_vendor\rich\terminal_theme.py,terminal_theme.py,benign,0.008279471658170223
source\python-packages-1757595213589\source\pip\_vendor\rich\text.py,text.py,benign,0.03264632076025009
source\python-packages-1757595213589\source\pip\_vendor\rich\theme.py,theme.py,benign,0.0033529368229210377
source\python-packages-1757595213589\source\pip\_vendor\rich\themes.py,themes.py,benign,0.024791598320007324
source\python-packages-1757595213589\source\pip\_vendor\rich\traceback.py,traceback.py,benign,0.01114928163588047
source\python-packages-1757595213589\source\pip\_vendor\rich\tree.py,tree.py,benign,0.013521038927137852
source\python-packages-1757595213589\source\pip\_vendor\rich\_cell_widths.py,_cell_widths.py,benign,0.011573441326618195
source\python-packages-1757595213589\source\pip\_vendor\rich\_emoji_codes.py,_emoji_codes.py,benign,0.01672213152050972
source\python-packages-1757595213589\source\pip\_vendor\rich\_emoji_replace.py,_emoji_replace.py,benign,0.010019510984420776
source\python-packages-1757595213589\source\pip\_vendor\rich\_export_format.py,_export_format.py,benign,0.024812381714582443
source\python-packages-1757595213589\source\pip\_vendor\rich\_extension.py,_extension.py,benign,0.02509978413581848
source\python-packages-1757595213589\source\pip\_vendor\rich\_fileno.py,_fileno.py,benign,0.026723891496658325
source\python-packages-1757595213589\source\pip\_vendor\rich\_inspect.py,_inspect.py,benign,0.0067246160469949245
source\python-packages-1757595213589\source\pip\_vendor\rich\_log_render.py,_log_render.py,benign,0.009153809398412704
source\python-packages-1757595213589\source\pip\_vendor\rich\_loop.py,_loop.py,benign,0.046127136796712875
source\python-packages-1757595213589\source\pip\_vendor\rich\_null_file.py,_null_file.py,benign,0.013804716058075428
source\python-packages-1757595213589\source\pip\_vendor\rich\_palettes.py,_palettes.py,benign,0.018819071352481842
source\python-packages-1757595213589\source\pip\_vendor\rich\_pick.py,_pick.py,benign,0.02519366703927517
source\python-packages-1757595213589\source\pip\_vendor\rich\_ratio.py,_ratio.py,benign,0.01603226736187935
source\python-packages-1757595213589\source\pip\_vendor\rich\_spinners.py,_spinners.py,benign,0.010508624836802483
source\python-packages-1757595213589\source\pip\_vendor\rich\_stack.py,_stack.py,benign,0.030022617429494858
source\python-packages-1757595213589\source\pip\_vendor\rich\_timer.py,_timer.py,benign,0.02892417646944523
source\python-packages-1757595213589\source\pip\_vendor\rich\_win32_console.py,_win32_console.py,benign,0.02326170541346073
source\python-packages-1757595213589\source\pip\_vendor\rich\_windows.py,_windows.py,benign,0.00334619521163404
source\python-packages-1757595213589\source\pip\_vendor\rich\_windows_renderer.py,_windows_renderer.py,benign,0.005161672830581665
source\python-packages-1757595213589\source\pip\_vendor\rich\_wrap.py,_wrap.py,benign,0.004146724008023739
source\python-packages-1757595213589\source\pip\_vendor\rich\__init__.py,__init__.py,malicious,0.8950629830360413
source\python-packages-1757595213589\source\pip\_vendor\rich\__main__.py,__main__.py,benign,0.0158180333673954
source\python-packages-1757595213589\source\pip\_vendor\tomli\_parser.py,_parser.py,benign,0.3260319232940674
source\python-packages-1757595213589\source\pip\_vendor\tomli\_re.py,_re.py,benign,0.043394215404987335
source\python-packages-1757595213589\source\pip\_vendor\tomli\_types.py,_types.py,benign,0.024895749986171722
source\python-packages-1757595213589\source\pip\_vendor\tomli\__init__.py,__init__.py,benign,0.02482447400689125
source\python-packages-1757595213589\source\pip\_vendor\tomli_w\_writer.py,_writer.py,benign,0.05152551457285881
source\python-packages-1757595213589\source\pip\_vendor\tomli_w\__init__.py,__init__.py,benign,0.02479591593146324
source\python-packages-1757595213589\source\pip\_vendor\truststore\_api.py,_api.py,malicious,0.6169530153274536
source\python-packages-1757595213589\source\pip\_vendor\truststore\_macos.py,_macos.py,benign,0.010989377275109291
source\python-packages-1757595213589\source\pip\_vendor\truststore\_openssl.py,_openssl.py,benign,0.025900615379214287
source\python-packages-1757595213589\source\pip\_vendor\truststore\_ssl_constants.py,_ssl_constants.py,benign,0.016086691990494728
source\python-packages-1757595213589\source\pip\_vendor\truststore\_windows.py,_windows.py,benign,0.012504699639976025
source\python-packages-1757595213589\source\pip\_vendor\truststore\__init__.py,__init__.py,benign,0.011946985498070717
source\python-packages-1757595213589\source\pip\_vendor\urllib3\connection.py,connection.py,benign,0.012176438234746456
source\python-packages-1757595213589\source\pip\_vendor\urllib3\connectionpool.py,connectionpool.py,benign,0.015093120746314526
source\python-packages-1757595213589\source\pip\_vendor\urllib3\exceptions.py,exceptions.py,benign,0.0040349350310862064
source\python-packages-1757595213589\source\pip\_vendor\urllib3\fields.py,fields.py,benign,0.021003663539886475
source\python-packages-1757595213589\source\pip\_vendor\urllib3\filepost.py,filepost.py,benign,0.016028666868805885
source\python-packages-1757595213589\source\pip\_vendor\urllib3\poolmanager.py,poolmanager.py,benign,0.020758220925927162
source\python-packages-1757595213589\source\pip\_vendor\urllib3\request.py,request.py,benign,0.1455744206905365
source\python-packages-1757595213589\source\pip\_vendor\urllib3\response.py,response.py,benign,0.040128860622644424
source\python-packages-1757595213589\source\pip\_vendor\urllib3\_collections.py,_collections.py,benign,0.0349142961204052
source\python-packages-1757595213589\source\pip\_vendor\urllib3\_version.py,_version.py,malicious,0.9527007341384888
source\python-packages-1757595213589\source\pip\_vendor\urllib3\__init__.py,__init__.py,benign,0.03996135666966438
source\python-packages-1757595213589\source\pip\_vendor\urllib3\contrib\appengine.py,appengine.py,benign,0.05904686450958252
source\python-packages-1757595213589\source\pip\_vendor\urllib3\contrib\ntlmpool.py,ntlmpool.py,benign,0.007190873846411705
source\python-packages-1757595213589\source\pip\_vendor\urllib3\contrib\pyopenssl.py,pyopenssl.py,benign,0.014764230698347092
source\python-packages-1757595213589\source\pip\_vendor\urllib3\contrib\securetransport.py,securetransport.py,benign,0.03543606400489807
source\python-packages-1757595213589\source\pip\_vendor\urllib3\contrib\socks.py,socks.py,benign,0.01212838850915432
source\python-packages-1757595213589\source\pip\_vendor\urllib3\contrib\_appengine_environ.py,_appengine_environ.py,malicious,0.7600696086883545
source\python-packages-1757595213589\source\pip\_vendor\urllib3\contrib\__init__.py,__init__.py,error,0.0
source\python-packages-1757595213589\source\pip\_vendor\urllib3\contrib\_securetransport\bindings.py,bindings.py,benign,0.1595975011587143
source\python-packages-1757595213589\source\pip\_vendor\urllib3\contrib\_securetransport\low_level.py,low_level.py,benign,0.06645604968070984
source\python-packages-1757595213589\source\pip\_vendor\urllib3\contrib\_securetransport\__init__.py,__init__.py,error,0.0
source\python-packages-1757595213589\source\pip\_vendor\urllib3\packages\six.py,six.py,benign,0.007616531103849411
source\python-packages-1757595213589\source\pip\_vendor\urllib3\packages\__init__.py,__init__.py,error,0.0
source\python-packages-1757595213589\source\pip\_vendor\urllib3\packages\backports\makefile.py,makefile.py,benign,0.008721254765987396
source\python-packages-1757595213589\source\pip\_vendor\urllib3\packages\backports\weakref_finalize.py,weakref_finalize.py,benign,0.006178594194352627
source\python-packages-1757595213589\source\pip\_vendor\urllib3\packages\backports\__init__.py,__init__.py,error,0.0
source\python-packages-1757595213589\source\pip\_vendor\urllib3\util\connection.py,connection.py,benign,0.006450325716286898
source\python-packages-1757595213589\source\pip\_vendor\urllib3\util\proxy.py,proxy.py,benign,0.03368179127573967
source\python-packages-1757595213589\source\pip\_vendor\urllib3\util\queue.py,queue.py,benign,0.003611986991018057
source\python-packages-1757595213589\source\pip\_vendor\urllib3\util\request.py,request.py,benign,0.009522715583443642
source\python-packages-1757595213589\source\pip\_vendor\urllib3\util\response.py,response.py,benign,0.010441982187330723
source\python-packages-1757595213589\source\pip\_vendor\urllib3\util\retry.py,retry.py,benign,0.00765743525698781
source\python-packages-1757595213589\source\pip\_vendor\urllib3\util\ssltransport.py,ssltransport.py,benign,0.007694147061556578
source\python-packages-1757595213589\source\pip\_vendor\urllib3\util\ssl_.py,ssl_.py,benign,0.015117204748094082
source\python-packages-1757595213589\source\pip\_vendor\urllib3\util\ssl_match_hostname.py,ssl_match_hostname.py,benign,0.005429875571280718
source\python-packages-1757595213589\source\pip\_vendor\urllib3\util\timeout.py,timeout.py,benign,0.36347705125808716
source\python-packages-1757595213589\source\pip\_vendor\urllib3\util\url.py,url.py,benign,0.026269102469086647
source\python-packages-1757595213589\source\pip\_vendor\urllib3\util\wait.py,wait.py,benign,0.009261010214686394
source\python-packages-1757595213589\source\pip\_vendor\urllib3\util\__init__.py,__init__.py,benign,0.011807717382907867
source\python-packages-1757595213589\source\uv\_find_uv.py,_find_uv.py,benign,0.07650863379240036
source\python-packages-1757595213589\source\uv\__init__.py,__init__.py,benign,0.028202608227729797
source\python-packages-1757595213589\source\uv\__main__.py,__main__.py,malicious,0.9841834306716919
